,City,Time,Country,Temperature,Latitude,Humidity,Cloud Cover,Wind Speed
1,Chiang Klang,1511041658,TH,69.09,19.29,91,88,2.13
2,Rjukan,1511041659,NO,27.24,59.88,100,24,7.94
3,Port Elizabeth,1511041660,ZA,64.32,-33.92,100,0,8.05
4,Xifeng,1511041660,CN,-6.52,42.74,58,0,2.57
5,Phan Thiet,1511041661,VN,74.89,10.93,100,92,12.19
6,Christchurch,1511040600,NZ,60.8,-43.53,63,0,5.82
7,Trencin,1511040600,SK,39.2,48.89,93,24,2.24
8,Aparecida do Taboado,1511041662,BR,80.34,-20.09,75,36,8.95
9,Novosibirsk,1511038800,RU,32.0,55.04,96,90,11.18
10,Balikpapan,1511038800,ID,78.8,-1.27,100,40,4.7
11,Wabana,1511038800,CA,39.2,47.63,100,75,9.17
12,Lodwar,1511041665,KE,75.84,3.12,49,0,6.93
13,Keroka,1511041666,KE,61.98,-0.78,91,88,4.59
14,Las Cruces,1511039700,US,66.2,32.31,13,1,10.29
15,Oskarshamn,1511040000,SE,33.8,57.26,100,0,5.82
16,Castries,1511038800,LC,84.2,14.0,79,20,3.36
17,Pachino,1511038200,IT,53.6,36.72,93,20,3.36
18,Meulaboh,1511041670,ID,76.83,4.14,100,64,2.24
19,Nantucket,1511039700,US,53.6,41.28,81,20,10.29
20,Khanu Woralaksaburi,1511041671,TH,76.11,16.06,85,44,5.59
21,Toba,1511038800,JP,50.0,34.48,61,75,19.46
22,Avarua,1511038800,CK,80.6,-21.21,78,40,12.75
23,Auki,1511041672,SB,79.89,-8.77,100,64,3.69
24,Sayyan,1511041673,YE,30.25,15.17,56,0,3.24
25,Muros,1511040600,ES,50.0,42.78,81,0,5.82
26,Chapais,1511038800,CA,17.6,49.78,85,90,10.29
27,Roura,1511038800,GF,82.4,4.73,78,0,6.93
28,Buckeye,1511040900,US,77.0,33.37,100,1,8.05
29,General Roca,1511038800,AR,75.2,-39.03,31,0,19.46
30,Usinsk,1511041676,RU,24.54,65.99,90,88,11.63
31,Lorengau,1511038800,PG,78.8,-2.02,94,75,4.25
32,Huanren,1511041677,CN,3.66,41.26,79,0,3.69
33,Tocopilla,1511041678,CL,63.55,-22.09,81,0,5.82
34,Yulara,1511038800,AU,73.4,-25.24,69,40,9.17
35,Koumac,1511041679,NC,74.31,-20.57,76,100,4.25
36,San Carlos de Bariloche,1511038800,AR,50.0,-41.15,66,40,28.86
37,Leshukonskoye,1511041680,RU,33.09,64.9,83,92,7.72
38,Kamalpur,1511041681,IN,68.86,24.2,95,0,2.35
39,Miraflores,1511041660,CO,92.35,1.34,51,12,3.13
40,Amboise,1511040600,FR,41.0,47.41,100,90,5.82
41,Miandrivazo,1511041683,MG,67.38,-19.52,95,12,2.68
42,Constantine,1511038800,DZ,46.4,36.37,87,20,4.7
43,Nagpur,1511040600,IN,69.8,21.15,88,0,4.14
44,Georgetown,1511038800,GY,86.0,6.8,66,20,11.41
45,Espoo,1511040000,FI,41.0,60.21,93,75,13.87
46,Westport,1511039940,US,55.4,41.14,87,75,3.36
47,Hailar,1511041686,CN,-25.06,49.2,35,0,3.36
48,Palana,1511041687,RU,31.47,59.12,96,80,16.22
49,Plouzane,1511040600,FR,50.0,48.38,100,90,10.96
50,Alugan,1511041689,PH,79.39,12.22,100,100,7.27
51,Llaillay,1511041690,CL,66.25,-32.85,61,0,2.13
52,Guerrero Negro,1511041691,MX,80.52,27.98,54,32,2.91
53,San Vicente,1511041691,AR,70.08,-26.62,79,76,7.61
54,Lata,1511038800,PT,50.0,40.16,93,20,2.24
55,Merritt Island,1511038680,US,78.8,28.54,50,1,8.05
56,San Cristobal,1511038800,VE,77.0,7.77,94,40,4.7
57,North Bend,1511038560,US,51.8,43.41,66,1,6.93
58,Buala,1511041696,SB,83.31,-8.14,90,76,4.25
59,Teriberka,1511041697,RU,21.93,69.16,100,80,3.02
60,Mogadishu,1511041445,SO,81.91,2.04,100,0,17.34
61,Gizo,1511041697,SB,84.66,-8.1,100,20,3.69
62,Mersing,1511041698,MY,76.38,2.43,100,12,3.13
63,Hanmer Springs,1511041698,NZ,59.59,-42.52,40,0,3.13
64,Cimaja,1511041699,ID,79.93,-6.95,100,80,14.99
65,Paso de Carrasco,1511038800,UY,64.4,-34.86,36,40,16.11
66,Adrar,1511038800,DZ,57.2,27.87,33,0,11.41
67,Lahad Datu,1511041701,MY,74.53,5.03,100,8,2.68
68,Guanica,1511038200,PR,80.6,17.97,78,75,3.36
69,Rudbar,1511041702,AF,37.68,30.15,73,0,5.14
70,Ossora,1511041702,RU,27.19,59.24,97,0,14.54
71,Eufaula,1511040900,US,77.0,31.89,50,90,9.17
72,Uige,1511041703,AO,67.92,-7.61,83,76,2.13
73,Rio Branco,1511038800,BR,80.6,-9.97,78,40,3.36
74,Corinto,1511041705,BR,80.79,-18.38,56,8,3.36
75,Itapirapua,1511041705,BR,82.41,-15.82,66,76,3.8
76,Frutal,1511041706,BR,74.35,-20.02,86,56,9.62
77,Necochea,1511041706,AR,58.29,-38.55,81,0,11.63
78,Tumut,1511041707,AU,57.48,-35.3,81,8,5.7
79,Lindi,1511038800,TZ,77.0,-10.0,94,20,2.46
80,Boshnyakovo,1511041709,RU,17.65,49.63,100,56,14.99
81,Chara,1511041709,RU,-20.56,56.91,76,44,1.68
82,Rio Verde de Mato Grosso,1511041710,BR,80.07,-18.92,69,48,11.74
83,Chisec,1511041710,GT,72.24,15.82,86,20,2.35
84,Kassala,1511041594,SD,67.06,15.45,50,0,2.91
85,Klaksvik,1511040000,FO,39.2,62.23,64,68,17.22
86,Limon,1511041712,PH,78.04,12.3,100,80,7.83
87,Lakhimpur,1511041712,IN,59.41,27.95,88,0,4.03
88,Bilma,1511041713,NE,61.98,18.69,32,0,5.7
89,Gimli,1511041714,CA,17.74,50.63,86,48,13.09
90,Cap Malheureux,1511038800,MU,75.2,-19.98,88,40,5.82
91,Ahuimanu,1511038620,US,82.4,21.44,65,1,5.82
92,Sosenskiy,1511041715,RU,32.86,54.06,99,92,9.73
93,Mokhsogollokh,1511041716,RU,-17.68,61.47,76,48,3.13
94,Sao Gotardo,1511041717,BR,77.28,-19.31,69,68,4.36
95,Kulhudhuffushi,1511041718,MV,80.97,6.62,100,48,1.01
96,Cayenne,1511038800,GF,82.4,4.93,78,0,6.93
97,Kargil,1511041719,IN,4.24,34.57,86,48,0.67
98,Rach Gia,1511041719,VN,72.91,10.02,100,92,8.28
99,Monte Patria,1511041720,CL,57.7,-30.69,81,24,2.01
100,Lompoc,1511040900,US,71.6,34.64,37,1,9.17
101,Rudnya,1511041721,RU,32.41,54.95,98,88,6.93
102,Ibiapina,1511041499,BR,84.88,-3.92,40,8,4.81
103,Kalat,1511041721,PK,21.25,29.02,92,0,2.68
104,Noumea,1511040600,NC,75.2,-22.28,50,0,3.36
105,Manicore,1511041714,BR,90.28,-5.81,59,24,2.24
106,Townsville,1511038800,AU,78.8,-19.25,69,75,8.05
107,Lasa,1511040000,IT,35.6,46.62,78,0,2.24
108,Mumbwa,1511041723,ZM,66.34,-14.98,82,44,6.93
109,Ilinge,1511041724,ZA,45.55,-31.98,61,0,0.89
110,Manoel Urbano,1511041725,BR,87.18,-8.84,67,8,3.13
111,Yatou,1511041725,CN,35.88,37.15,95,76,12.75
112,Axim,1511041726,GH,81.01,4.87,100,20,11.41
113,Kralendijk,1511038500,BQ,86.0,12.15,70,20,11.41
114,Piacabucu,1511041726,BR,78.85,-10.41,68,0,11.41
115,Semey,1511041727,KZ,27.87,50.41,78,48,10.51
116,Temiscaming,1511038800,CA,30.2,46.72,92,90,8.05
117,Abhar,1511041728,IR,21.39,36.15,71,20,1.57
118,Karratha,1511041728,AU,66.61,-20.74,60,0,5.59
119,Gambela,1511041729,ET,60.49,8.25,80,0,2.91
120,Ulladulla,1511038800,AU,64.4,-35.35,72,32,6.93
121,Zyryanskoye,1511041730,RU,29.26,56.83,92,76,12.41
122,Cascais,1511040600,PT,60.8,38.7,51,0,8.05
123,Yasnyy,1511041731,RU,28.99,51.03,92,80,12.97
124,Natalio,1511041496,PY,72.69,-26.72,62,12,6.93
125,Constitucion,1511041615,CL,61.17,-35.33,76,0,18.34
126,Kaoma,1511041732,ZM,66.61,-14.78,89,68,2.91
127,Salinas,1511040900,US,66.2,36.68,45,1,9.17
128,Guangyi,1511038800,CN,66.2,23.47,68,40,8.95
129,Santa Rosa,1511038800,PH,78.8,14.31,100,20,4.59
130,Saladoblanco,1511041734,CO,64.45,1.99,95,80,0.89
131,Turayf,1511038800,SA,62.6,31.67,36,0,17.22
132,Dehloran,1511041735,IR,50.95,32.69,71,24,3.36
133,Xining,1511041735,CN,17.61,36.62,93,92,2.46
134,Riverton,1511039700,US,42.8,40.52,48,1,3.36
135,Gberia Fotombu,1511041736,SL,75.61,9.88,79,44,3.13
136,Neuchatel,1511040000,CH,37.4,46.99,86,90,4.7
137,Armidale,1511041737,AU,53.43,-30.52,100,36,3.8
138,Macapa,1511038800,BR,87.8,0.04,58,20,11.41
139,Artyom,1511038800,AZ,53.6,40.47,93,40,10.29
140,Lagunas,1511041733,PE,90.69,-5.23,58,0,3.13
141,Aklavik,1511040660,CA,3.2,68.22,84,75,8.05
142,Gerardmer,1511040600,FR,39.2,48.07,80,90,3.36
143,Sioux Lookout,1511040540,CA,15.8,50.1,78,90,11.41
144,Rapid Valley,1511040900,US,46.4,44.06,35,20,13.87
145,Alpena,1511039700,US,39.2,45.06,100,90,8.05
146,Bafoulabe,1511041741,ML,74.35,13.81,44,12,4.92
147,Baculin,1511041451,PH,75.57,7.45,98,48,6.04
148,Nenjiang,1511041742,CN,-25.96,49.18,39,0,6.38
149,Kpandae,1511041742,GH,71.65,8.47,97,88,6.6
150,Durban,1511041494,ZA,73.23,-29.86,95,0,12.64
151,Severnyy,1511038800,RU,33.8,50.68,100,75,6.71
152,Dakar,1511040600,SN,80.6,14.69,54,0,13.87
153,Clarence Town,1511038800,AU,71.6,-32.58,64,40,11.41
154,San Ramon,1511040900,US,64.4,37.78,39,1,8.05
155,Wanaka,1511041745,NZ,56.26,-44.7,79,0,2.57
156,Manado,1511038800,ID,75.2,1.49,100,20,1.12
157,Khash,1511041746,IR,24.76,28.22,61,0,2.8
158,College,1511040840,US,-14.81,64.86,75,40,3.36
159,Almeirim,1511041747,BR,91.09,-1.52,45,0,5.14
160,Fare,1511041748,PF,78.94,-16.7,100,44,21.03
161,Russellville,1511038380,US,53.6,35.28,58,90,20.8
162,Mecca,1511041552,SA,68.86,21.43,74,0,0.11
163,Palanga,1511040000,LT,41.0,55.92,93,92,13.87
164,Yellowknife,1511038800,CA,-7.61,62.46,76,75,10.29
165,Boyolangu,1511041750,ID,76.74,-8.12,100,88,4.36
166,Mankono,1511041751,CI,79.08,8.06,70,80,7.61
167,San Jose,1511040900,US,66.2,37.34,39,1,8.05
168,Derzhavinsk,1511041752,KZ,19.86,51.1,83,0,9.51
169,Derventa,1511040600,BA,41.0,44.98,100,90,1.12
170,Darhan,1511041753,MN,-1.12,49.49,51,44,1.45
171,Jardim,1511041753,BR,70.21,-21.48,100,92,10.74
172,Noyabrsk,1511041754,RU,10.09,63.2,94,88,3.91
173,Taonan,1511041754,CN,-4.22,45.33,66,0,3.91
174,Tateyama,1511038800,JP,46.4,34.98,45,20,23.04
175,La Asuncion,1511041705,VE,83.67,11.03,95,0,15.88
176,Xai-Xai,1511041756,MZ,73.68,-25.05,96,0,14.65
177,Broome,1511038800,AU,78.8,-17.97,83,36,4.59
178,Mahasamund,1511041757,IN,69.85,21.1,91,32,3.24
179,Omboue,1511041757,GA,78.54,-1.57,100,68,7.38
180,Pangody,1511041758,RU,1.05,65.85,82,64,6.93
181,Umm Kaddadah,1511041759,SD,67.78,13.6,37,0,4.92
182,Urozhaynoye,1511041759,RU,47.58,44.79,96,92,8.39
183,Bow Island,1511038800,CA,35.6,49.87,69,90,13.87
184,Bambous Virieux,1511038800,MU,75.2,-20.34,88,40,5.82
185,Kruisfontein,1511041762,ZA,57.12,-34.0,95,0,4.92
186,La Ronge,1511038800,CA,10.4,55.1,66,20,4.7
187,Rovaniemi,1511040000,FI,10.4,66.5,85,0,11.41
188,Nyagan,1511041763,RU,16.3,62.14,88,76,4.7
189,Beberibe,1511038800,BR,80.6,-4.18,74,20,11.41
190,Sorland,1511041764,NO,41.28,67.67,100,80,12.41
191,Haines Junction,1511041764,CA,4.6,60.75,92,56,2.68
192,Celestun,1511041577,MX,78.99,20.87,99,0,3.69
193,Blagoveshchenka,1511041765,RU,32.01,52.83,98,92,7.16
194,Cabo San Lucas,1511039160,MX,91.4,22.89,22,5,11.41
195,Port-Gentil,1511038800,GA,77.0,-0.72,88,90,3.36
196,Kargasok,1511041766,RU,24.85,59.06,89,76,6.6
197,Launceston,1511038800,AU,62.6,-41.45,72,88,4.7
198,Mulchen,1511041767,CL,62.34,-37.72,61,0,9.84
199,Tautira,1511040600,PF,86.0,-17.73,62,40,5.82
200,Shiyan,1511041769,CN,33.49,32.65,72,92,1.57
201,Imeni Morozova,1511038800,RU,37.4,59.98,86,75,6.71
202,Jamsa,1511040000,FI,37.4,61.86,100,90,8.05
203,Ouallam,1511041770,NE,74.98,14.32,45,20,2.68
204,Punalur,1511040600,IN,80.6,9.0,83,40,2.24
205,Rikitea,1511041772,PF,73.18,-23.12,100,48,18.45
206,Sao Felix do Xingu,1511041772,BR,84.21,-6.64,75,8,1.57
207,Kieta,1511041773,PG,80.38,-6.22,100,0,3.36
208,Silifke,1511041773,TR,59.95,36.38,69,68,7.72
209,Itatskiy,1511041773,RU,29.31,56.07,84,88,8.95
210,Nome,1511040960,US,26.6,64.5,100,90,24.16
211,Whyalla,1511038800,AU,66.2,-33.03,77,8,5.82
212,Yakeshi,1511041775,CN,-24.29,49.28,67,0,4.81
213,Manacapuru,1511041776,BR,84.61,-3.3,81,32,4.25
214,Kazanka,1511038800,UA,37.4,47.85,93,90,4.47
215,Nelson Bay,1511038800,AU,71.6,-32.72,64,40,11.41
216,Burns Lake,1511041777,CA,35.65,54.23,92,68,3.36
217,Megion,1511038800,RU,19.4,61.03,100,75,4.47
218,Vanavara,1511041778,RU,-12.55,60.34,77,76,3.02
219,Fukue,1511041779,JP,54.78,32.69,100,32,25.95
220,Lac du Bonnet,1511041780,CA,16.21,50.25,86,12,13.98
221,Contai,1511041780,IN,74.76,21.78,100,0,2.46
222,Faanui,1511041781,PF,79.03,-16.48,100,76,20.58
223,Saint Pete Beach,1511039700,US,80.6,27.73,53,1,6.93
224,Lavrentiya,1511041782,RU,31.78,65.58,100,92,31.65
225,Porto-Vecchio,1511040600,FR,51.8,41.59,93,0,3.36
226,Vytegra,1511041783,RU,35.2,61.01,100,92,15.43
227,Lobito,1511041783,AO,61.21,-12.35,84,12,2.35
228,Yarmouth,1511039700,US,53.6,41.71,76,1,10.29
229,Otavi,1511041784,NA,61.48,-19.65,27,0,6.6
230,Moron,1511038800,AR,68.0,-34.65,32,20,6.93
231,Amalapuram,1511041785,IN,75.39,16.58,90,80,4.36
232,Port Augusta,1511038800,AU,66.2,-32.5,77,0,5.82
233,Alekseyevskaya,1511041786,RU,32.19,50.29,95,80,8.95
234,Am Timan,1511041787,TD,82.81,11.03,42,12,6.82
235,Galashki,1511041788,RU,30.16,43.11,78,0,2.24
236,Saskylakh,1511041789,RU,-0.4,71.92,77,64,7.49
237,Bloemfontein,1511038800,ZA,53.6,-29.12,54,0,3.36
238,High Prairie,1511041494,CA,31.06,55.43,74,92,5.59
239,Rawah,1511041790,IQ,54.42,34.48,87,68,6.71
240,Chapeco,1511041512,BR,71.79,-27.1,79,64,8.72
241,Virginia Beach,1511040000,US,64.4,36.85,52,90,18.34
242,Hirara,1511041791,JP,73.18,24.8,100,92,27.74
243,Maceio,1511038800,BR,77.0,-9.67,83,40,10.29
244,Xinyu,1511041793,CN,46.36,27.8,88,100,12.75
245,Merauke,1511041793,ID,77.82,-8.47,100,44,6.49
246,Sibolga,1511041794,ID,67.92,1.74,100,88,0.56
247,Coquimbo,1511041583,CL,61.03,-29.95,92,0,3.36
248,Tabasco,1511037660,MX,80.6,21.87,11,5,12.75
249,Matagami,1511038800,CA,23.0,49.75,100,90,2.24
250,Minab,1511041795,IR,62.83,27.15,81,0,4.59
251,Ajdabiya,1511041796,LY,55.09,30.76,90,0,7.61
252,Logumkloster,1511040000,DK,42.8,55.06,81,75,13.87
253,Puerto Ayora,1511038800,EC,80.6,-0.74,47,20,12.75
254,Dudinka,1511041798,RU,-9.67,69.41,69,80,5.7
255,Zemio,1511041799,CF,68.82,5.03,96,20,2.13
256,Vila Franca do Campo,1511040600,PT,66.2,37.72,82,40,6.93
257,Pacifica,1511040900,US,64.4,37.61,39,1,8.05
258,Varhaug,1511040000,NO,42.8,58.61,75,75,21.92
259,Solnechnyy,1511041802,RU,-10.66,50.72,71,64,2.57
260,Bouafle,1511038800,CI,75.2,6.99,94,0,4.7
261,Ormara,1511041803,PK,69.72,25.21,85,0,12.19
262,Anton Lizardo,1511037780,MX,84.2,19.05,66,40,6.93
263,Ngunguru,1511041805,NZ,59.73,-35.62,100,88,28.86
264,Tyrma,1511041805,RU,-17.14,50.08,71,20,3.13
265,Matara,1511041806,LK,75.43,5.95,100,0,3.69
266,Mao,1511040600,ES,50.0,39.89,87,0,6.93
267,East London,1511041716,ZA,66.48,-33.02,100,0,5.82
268,Muli,1511041807,MV,82.41,2.92,100,88,3.24
269,Mamallapuram,1511040600,IN,80.6,12.63,94,40,4.59
270,Kotelnich,1511041808,RU,32.14,58.31,87,88,8.84
271,Campo Maior,1511041809,BR,94.38,-4.83,29,100,4.03
272,Touros,1511041803,BR,79.98,-5.2,76,0,13.2
273,Tura,1511041810,IN,63.28,25.52,92,0,2.68
274,Stephenville,1511039700,US,68.0,32.22,34,1,23.04
275,Nuuk,1511038200,GL,23.0,64.18,73,20,19.46
276,Ishigaki,1511038800,JP,64.4,24.34,88,75,17.22
277,Lovozero,1511041813,RU,15.04,68.0,89,68,2.35
278,Savannah Bight,1511041814,HN,78.09,16.45,100,68,8.16
279,Acajutla,1511038200,SV,89.6,13.59,59,40,9.17
280,Port-de-Bouc,1511040600,FR,44.6,43.4,100,0,16.11
281,Calamar,1511038800,CO,84.2,10.25,79,20,8.05
282,Nemyriv,1511041816,UA,37.0,48.97,98,92,7.83
283,Balclutha,1511041817,NZ,53.97,-46.23,92,0,6.82
284,Neiafu,1511038800,TO,82.4,-18.65,88,40,6.93
285,Qianan,1511041818,CN,-1.52,44.99,81,20,4.25
286,Dhidhdhoo,1511041818,MV,80.97,6.88,100,48,1.01
287,Leningradskiy,1511041819,RU,23.73,69.38,100,92,34.67
288,Stranraer,1511040000,GB,42.8,54.9,81,88,4.7
289,Ust-Kalmanka,1511041820,RU,33.27,52.12,78,44,15.77
290,Peque,1511041821,CO,67.15,7.02,93,76,1.57
291,Kuytun,1511041821,RU,13.24,54.34,84,76,2.35
292,Namibe,1511041822,AO,70.08,-15.2,100,0,3.58
293,Kitimat,1511038800,CA,28.4,54.05,92,90,12.75
294,Evensk,1511041824,RU,15.63,61.95,100,0,12.41
295,Kjopsvik,1511040000,NO,28.4,68.1,63,20,2.24
296,Olovyannaya,1511041825,RU,-13.22,50.95,57,24,2.91
297,Karangampel,1511041826,ID,79.89,-6.46,100,56,11.07
298,Sigli,1511041826,ID,76.02,5.38,99,32,4.92
299,Kota Kinabalu,1511038800,MY,75.2,5.97,100,75,2.24
300,Opuwo,1511041828,NA,62.38,-18.06,48,0,1.23
301,Mabaruma,1511041727,GY,83.71,8.2,76,0,9.62
302,Khanpur,1511041829,PK,56.22,28.65,86,0,2.91
303,Byron Bay,1511038800,AU,66.2,-28.65,88,75,6.93
304,Huaicheng,1511041829,CN,51.18,23.91,100,92,3.69
305,Charagua,1511038800,BO,80.6,-19.8,51,75,22.7
306,Sun City West,1511040900,US,77.0,33.66,100,1,8.05
307,Maues,1511041831,BR,91.09,-3.38,52,36,2.35
308,Padrauna,1511041831,IN,61.84,26.9,62,0,4.47
309,Lanzhou,1511038800,CN,21.2,36.06,79,0,2.24
310,Mantua,1511041833,CU,79.98,22.29,68,12,4.7
311,Chunskiy,1511041833,RU,17.34,56.08,86,76,2.35
312,Portsmouth,1511040000,GB,48.2,50.8,93,75,5.59
313,Oktyabrskiy,1511041835,RU,31.69,54.48,94,80,9.4
314,Karpogory,1511041835,RU,33.49,64.0,79,92,8.05
315,Beitbridge,1511041836,ZW,71.34,-22.22,61,0,10.4
316,Tadine,1511041836,NC,70.26,-21.55,100,92,12.97
317,Yakubovka,1511038800,BY,35.6,52.42,93,90,4.47
318,Shimoda,1511041838,JP,52.48,34.67,100,48,12.41
319,Alyangula,1511041838,AU,83.04,-13.85,100,12,2.91
320,San Rafael,1511041677,AR,82.32,-34.62,13,0,6.04
321,Bekhtery,1511041840,UA,43.89,46.25,100,92,4.92
322,San-Pedro,1511038800,CI,80.6,4.75,88,40,9.17
323,Kurumkan,1511041841,RU,-7.78,54.3,81,68,1.9
324,Tarakan,1511041842,ID,75.34,3.3,100,64,4.03
325,Sumbe,1511041842,AO,73.45,-11.21,100,0,6.15
326,Bhag,1511041844,PK,54.24,29.04,84,0,4.59
327,Kashechewan,1511041845,CA,22.56,52.3,83,76,11.18
328,Saint-Francois,1511040600,FR,37.4,46.42,93,90,2.24
329,Venice,1511042100,US,78.8,27.1,60,1,4.7
330,Concepcion del Uruguay,1511041848,AR,67.02,-32.48,39,0,13.2
331,Madingou,1511041849,CG,74.04,-4.15,96,48,0.34
332,Pyaozerskiy,1511041851,RU,23.46,65.83,96,92,5.59
333,Kamen-Rybolov,1511041851,RU,4.69,44.75,100,12,11.63
334,Monrovia,1511040600,LR,78.8,6.3,94,40,7.61
335,Villarrica,1511041853,PY,72.28,-25.75,72,0,8.84
336,Cidreira,1511041854,BR,70.98,-30.18,77,92,10.63
337,Coihueco,1511041855,CL,67.56,-36.62,56,0,15.88
338,Kanigoro,1511041856,ID,76.83,-8.13,100,92,4.59
339,Salinopolis,1511041857,BR,81.87,-0.61,92,88,14.32
340,Emerald,1511041858,AU,65.44,-23.53,95,88,9.62
341,Iberia,1511041667,PE,87.58,-11.35,59,68,5.7
342,Morondava,1511041861,MG,81.78,-20.28,79,8,4.92
343,Orsha,1511041861,BY,32.73,54.52,99,76,7.38
344,Paamiut,1511041861,GL,31.38,61.99,100,56,5.82
345,Najran,1511038800,SA,57.2,17.49,35,0,2.57
346,Tessalit,1511041863,ML,61.75,20.2,25,0,6.71
347,Thompson,1511038800,CA,10.4,55.74,72,90,16.11
348,Taltal,1511041864,CL,64.99,-25.4,65,0,3.47
349,Dwarka,1511041865,IN,74.13,22.24,100,0,18.68
350,Caramoran,1511041866,PH,79.71,13.98,100,64,4.7
351,Macia,1511041867,MZ,70.17,-25.03,77,0,8.84
352,Portland,1511038560,US,51.8,45.52,66,75,4.7
353,Shar,1511041868,KZ,27.96,49.59,80,8,11.74
354,Katsuura,1511038800,JP,46.4,35.13,45,20,23.04
355,Tome,1511041869,CL,59.28,-36.62,85,0,21.81
356,Ruteng,1511041870,ID,72.96,-8.61,96,76,1.9
357,Zelenoborsk,1511041871,RU,20.53,61.47,90,88,5.93
358,Serenje,1511041871,ZM,66.93,-13.23,84,0,12.64
359,Ipatovo,1511041872,RU,38.76,45.72,97,20,11.18
360,Felege Neway,1511041872,ET,58.96,6.3,79,0,1.9
361,Port Macquarie,1511038800,AU,62.6,-31.43,93,40,6.93
362,Pevek,1511041874,RU,25.03,69.7,87,88,9.84
363,Loikaw,1511041875,MM,64.9,19.67,95,0,3.36
364,Mayskiy,1511038800,RU,37.4,47.69,93,40,8.95
365,Coihaique,1511041607,CL,50.05,-45.58,41,0,9.51
366,Alice Town,1511041877,BS,77.41,25.72,100,20,6.93
367,Bud,1511041500,US,55.4,39.45,87,90,26.4
368,Tungor,1511041878,RU,21.84,53.38,97,80,30.65
369,Yurimaguas,1511038800,PE,91.4,-5.9,63,20,4.7
370,Yauya,1511041879,PE,51.49,-8.98,82,92,0.56
371,Nong Phai,1511041880,TH,71.52,15.99,98,68,4.92
372,Vao,1511041880,NC,71.11,-22.67,100,56,12.86
373,Tamworth,1511040000,GB,44.6,52.63,75,75,10.29
374,Santa Cruz de la Palma,1511040600,ES,69.8,28.68,73,24,3.36
375,Karur,1511041844,IN,72.91,10.95,97,48,1.01
376,Enshi,1511041884,CN,38.94,30.3,92,92,2.68
377,Zaria,1511041701,NG,70.53,11.11,45,0,4.59
378,Hermanus,1511041886,ZA,50.95,-34.42,94,0,2.91
379,Medina del Campo,1511037000,ES,39.2,41.31,80,0,9.17
380,Sal Rei,1511038800,CV,75.2,16.18,78,75,6.93
381,Leh,1511041888,IN,-3.41,34.17,68,80,1.34
382,Beloha,1511041889,MG,66.61,-25.17,73,36,6.26
383,Mapiripan,1511041890,CO,91.9,2.89,50,12,7.49
384,Mana,1511041892,GF,83.44,5.66,68,12,5.26
385,Sennoy,1511041893,RU,29.53,52.15,92,32,7.16
386,Dunedin,1511041792,NZ,56.26,-45.87,89,0,4.03
387,Zdvinsk,1511041894,RU,28.59,54.7,92,56,11.63
388,Bukoba,1511038800,TZ,66.2,-1.33,88,75,4.03
389,Cabo Rojo,1511041800,PR,78.8,18.09,88,90,3.36
390,Klamath Falls,1511038380,US,39.2,42.22,60,1,3.69
391,Farafangana,1511041896,MG,74.71,-22.82,100,80,13.31
392,Hoa Binh,1511038800,VN,69.8,20.81,68,0,6.93
393,Tetiz,1511037960,MX,87.8,20.97,38,5,4.7
394,Provideniya,1511041899,RU,35.52,64.38,100,100,20.47
395,Reforma,1511041900,MX,83.58,18.1,73,0,4.7
396,Puerto Madero,1511037720,MX,86.0,14.72,66,20,11.41
397,Abu Dhabi,1511038800,AE,75.2,24.47,57,0,3.36
398,Lagoa,1511041901,PT,66.88,39.05,100,76,18.9
399,Banjar,1511038800,ID,77.0,-8.19,94,40,1.12
400,Mahebourg,1511038800,MU,75.2,-20.41,88,40,5.82
401,Gornyy,1511041903,RU,29.71,55.12,95,68,11.97
402,Coahuayana,1511037660,MX,82.4,18.73,61,20,9.17
403,Totness,1511041742,SR,81.64,5.88,99,0,16.11
404,Tuy Hoa,1511041905,VN,74.26,13.08,100,92,11.97
405,Inuvik,1511040660,CA,3.2,68.35,84,75,8.05
406,Nyamuswa,1511038800,TZ,71.6,-1.9,83,20,8.16
407,Guadalajara,1511038080,MX,84.2,20.67,14,5,2.8
408,General Pico,1511041699,AR,71.97,-35.66,35,0,12.41
409,San Joaquin,1511041907,VE,81.69,10.26,69,32,2.46
410,Black River,1511038800,JM,84.2,18.03,70,20,14.99
411,Nizwa,1511041909,OM,55.99,22.93,68,0,2.68
412,Quincy,1511039700,US,48.2,42.25,75,1,4.7
413,Aljezur,1511041911,PT,59.64,37.32,100,0,5.93
414,Vilyuysk,1511041912,RU,-8.72,63.76,65,48,4.81
415,Honiara,1511038800,SB,77.0,-9.43,94,75,0.67
416,Vardo,1511041913,NO,37.86,70.37,100,88,11.18
417,Malakal,1511041913,SS,76.15,9.53,77,8,3.58
418,Longyearbyen,1511038200,SJ,24.8,78.22,58,40,21.92
419,Snasa,1511041914,NO,16.53,64.25,91,76,2.46
420,Tahe,1511041916,CN,-8.59,52.33,46,8,7.61
421,Wanning,1511041917,CN,77.91,18.8,100,100,20.69
422,Santa Maria del Oro,1511041918,MX,73.18,25.93,22,0,6.49
423,Barcelos,1511040600,PT,53.6,41.54,71,0,2.01
424,Sitka,1511038560,US,39.2,57.05,100,90,8.28
425,Mto wa Mbu,1511041921,TZ,68.14,-3.35,87,12,8.72
426,Huarmey,1511041922,PE,72.96,-10.07,51,12,4.47
427,Vostok,1511041922,RU,-10.61,46.49,68,20,2.91
428,Price,1511038380,US,39.2,39.6,27,1,4.7
429,Duluth,1511040900,US,30.2,46.78,58,90,8.05
430,Cumana,1511041924,VE,81.33,10.46,66,8,2.35
431,Cedar City,1511038380,US,39.2,37.68,41,1,5.82
432,Moranbah,1511041926,AU,68.95,-22.0,88,48,7.05
433,Lakes Entrance,1511041927,AU,65.04,-37.88,79,48,7.61
434,Hambantota,1511041928,LK,79.84,6.12,100,0,4.03
435,Saint-Augustin,1511041929,CA,38.35,51.23,100,92,16.11
436,Verkhnyaya Inta,1511041930,RU,11.53,65.98,81,48,5.37
437,Talnakh,1511041932,RU,-20.11,69.49,87,20,3.13
438,Pisco,1511038800,PE,69.8,-13.7,73,0,16.11
439,Idrija,1511040600,SI,48.2,46.0,92,0,4.7
440,Kirakira,1511041936,SB,82.09,-10.45,100,80,9.4
441,Murray,1511039700,US,42.8,40.67,48,1,2.57
442,Salym,1511041937,RU,22.74,60.06,82,76,5.37
443,Crib Point,1511041941,AU,65.44,-38.35,94,88,4.36
444,Bandarban,1511041943,BD,70.89,22.2,96,0,0.22
445,Letterkenny,1511041944,IE,47.49,54.95,95,92,9.95
446,Lucapa,1511041947,AO,69.94,-8.42,94,92,3.91
447,Ponta do Sol,1511040600,PT,66.2,32.67,72,75,16.11
448,Fairlie,1511040000,GB,37.4,55.76,80,48,4.7
449,Punta Alta,1511041707,AR,68.82,-38.88,57,0,17.78
450,Linqiong,1511038800,CN,51.8,30.42,93,40,6.71
451,Junction City,1511038680,US,55.4,39.03,34,20,13.87
452,Chicama,1511038800,PE,68.0,-7.84,77,75,12.75
453,Myitkyina,1511041954,MM,65.26,25.38,94,0,1.9
454,Raduzhnyy,1511041955,RU,11.49,62.1,89,80,3.24
455,Vuktyl,1511041956,RU,26.34,63.86,89,92,5.93
456,Basco,1511041957,PH,78.36,20.45,100,68,33.67
457,Malanville,1511041957,BJ,77.05,11.87,56,8,3.24
458,Abha,1511038800,SA,55.4,18.22,76,0,2.57
459,Coruripe,1511041960,BR,79.17,-10.13,95,48,12.41
460,Isangel,1511041960,VU,74.31,-19.55,100,88,6.49
461,Waingapu,1511041961,ID,71.2,-9.66,100,32,3.13
462,Belmonte,1511038800,BR,77.0,-15.86,83,20,12.75
463,Carnarvon,1511041963,AU,66.57,-24.87,100,0,11.3
464,Pinawa,1511041963,CA,16.21,50.15,86,12,13.98
465,Sambava,1511041964,MG,79.53,-14.27,100,0,11.63
466,Sherpur,1511041967,BD,66.16,25.02,89,0,2.57
467,Itarantim,1511041968,BR,75.39,-15.66,71,48,6.6
468,Egvekinot,1511041969,RU,25.21,66.32,86,92,6.38
469,Mount Gambier,1511041970,AU,65.22,-37.83,79,0,6.49
470,Tuktoyaktuk,1511038800,CA,3.2,69.45,84,90,12.75
471,Dandong,1511041973,CN,3.93,40.13,91,0,3.91
472,Wembley,1511038800,AU,57.2,-31.93,93,20,4.7
473,Bonavista,1511041761,CA,40.15,48.65,95,12,3.13
474,Ayna,1511038800,PE,78.8,-12.65,44,75,9.17
475,Ampanihy,1511041979,MG,66.48,-24.7,69,56,9.28
476,Borba,1511041980,BR,81.06,-4.39,89,36,1.9
477,Navahrudak,1511041981,BY,32.86,53.6,93,80,9.4
478,Mackay,1511038800,AU,75.2,-21.15,78,90,3.36
479,Hofn,1511041984,IS,33.81,64.25,100,8,8.72
480,Port Hardy,1511039100,CA,44.6,50.7,93,90,19.46
481,Pathein,1511041986,MM,76.78,16.78,91,0,5.37
482,Rongcheng,1511041987,CN,35.83,30.63,97,36,6.15
483,Nhulunbuy,1511038800,AU,78.8,-12.23,94,12,6.38
484,Tulun,1511041989,RU,12.16,54.56,83,44,2.35
485,Dingle,1511041990,PH,76.38,11.0,95,80,4.14
486,Nouadhibou,1511038800,MR,68.0,20.93,82,12,10.29
487,Vila Velha,1511041991,BR,77.37,-20.33,85,8,21.59
488,Purna,1511041991,IN,67.02,19.18,67,0,5.59
489,Sakaiminato,1511039400,JP,44.6,35.55,65,75,16.11
490,Agadir,1511041738,MA,54.42,30.42,100,12,1.01
491,Dalvik,1511038800,IS,17.6,65.97,92,40,5.82
492,Keflavik,1511038800,IS,30.2,64.0,92,90,6.93
493,Jutai,1511041996,BR,95.64,-5.18,44,8,3.91
494,Preobrazheniye,1511041997,RU,2.98,42.9,63,0,5.59
495,Pasighat,1511041998,IN,58.24,28.07,83,0,1.9
496,Bethel,1511039940,US,53.6,41.37,87,75,3.36
497,Luderitz,1511042000,NA,59.46,-26.65,67,0,14.32
498,Mercedes,1511042001,AR,65.26,-34.65,30,0,13.65
499,Kalianget,1511042003,ID,81.46,-7.05,100,8,3.13
500,Elk City,1511040900,US,60.8,35.41,28,75,20.8
